no,tweet,label
1,"Ija pa pe kam ringan gundari, kutotoken gelah kam sehat-sehat",positive
2,Kai Lagu Karo populer gundari nake?,neutral
3,Kutotoken kam ndai gelah tetap sehat ras erpengharapen man si mada kuasa.,positive
4,"Min, usul saja untuk background tulisan kalau bisa ganti dengan warna yang lebih soft. Mesui mata ngogesa. Bujur",negative
5,"Ula kal sempat lolo nontil, gara-gara kai pe. Nontil nomor sada.",negative
6,"""Adi pang ko nustus tanku salu jarum ena, nenko, dung naring ko sekale ku ban.""",negative
7,Lit bagenda tetanggandu perantauan enda min <USER>,neutral
8,"Ate la ate ngena, lit saja usur akap si la pas amin pe mehuli. ",negative
9,"Payo kang. Adina banci pe sekolahken perban lit juma bapa ras nandena. Yah, ku juma lah lebe nggo lit inganna, adi la dat dahin lulus sekolah",negative
10,"Si kujadah si kujedah nindu je rusur, tapi la lit isina kai pe cakapndu e. Usuren cakap mali-mali :)",negative
11,"Dahinkenlah dahinndu, cametlah jumandu, cangkullah sabahndu, tangkolah gadung entah pe jong si man tutungen bas wari si sendah. Mejuah-juah!",negative
12,Mekisat kal...munduk-unduk denga aku,negative
13,oula atendu aru adi lalap denga la bagi ukurndu. Dahinlah dahinndu alu tutus. Mejuah-juah. Dibata simasu-masu,negative
14,Taneh Karo mekelek udanna? Makana banjir lit piga2,negative
15,Page pulut page si alia Ukur gulut ngidah-ngidah kam mesra ras ia,negative
16,Rempet merhat tape tapi si bungkusna bulung birah,neutral
17,Begu ganjang ras kade-kadena sendalanen,negative
18,Tiap wari lit si viral. Usuren si la mehuli,negative
19,Upah melantar e me kebenen.,negative
20,Tedeh e tedeh nge kari lalap tapi teh susu e labo kari ernanam adi lupa nggawersa.,neutral
21,Tedeh e pe la tehna tumburen. La ngeteh jam.,neutral
22,Kai pe la man ukuren. Lit nge pagi malemna kerina,neutral
23,"Selamat wari Minggu nake. Mejuah-juah kita kerina. Melala gundari musibah, kai-kai saja pe lit. Emaka mbera Dibata lalap si njagai kita.",positive
24,Janji si nggo i pudun ula kal sempat la sahun,negative
25,"Lakap si angkan e KdKd, sedak kapndu kataken na kam la beluh seharus na me pekena min tambarna maka payo, heheheheh",negative
26,Sedak bas pusuh ku ja nge kuturiken..bage pe nindu aku la beluh,negative
27,"Ngena ateku kam, kepeken ngena atendu temanku",negative
28,Tambar gelah la terpusuh,positive
29,Nggeluh enda erkepe-kepe.,neutral
30,"Rimo mulana, erjengil pekara tapak pendungina.",negative
31,"Rimo mulana, ate keleng pendungina",positive
32,Sebab Dibata ngidah kerina perbahanenndu :),neutral
33,Perkuah ate si mbelin rehna ibas Dibata nari. Endeskenlah geluhndu man baNa segelah malem atendu i bahanNa.,positive
34,Kelengku man bandu labo keleng kaleng-kaleng.,positive
35,Usuren jungut-jungut asangken ngataken bujur. Banci kin la ayo e lampas ringut.,negative
36,Riahken uga litna.,positive
37,Kuinget denga lalap nanam cimpa si tasakken ndu jine,positive
38,Mejile kel kam,positive
39,Nggeluh erpengharapen man Dibata sebab Ia ngasup mereken man bandu kemalemen ate.,neutral
40,Man yaaaahhhh...kacepe tutung-tutung sekalenda bengkauta,neutral
41,"nakan si matah, meseng ras medakdak si tanggerkenndu sanga kam suruh nande erdakan i rumah.",negative
42,rubati ras kam perban ndekahsa kam ciloak i pajak singa,negative
43,Emas asa takal kuda,positive
44,Mama iting dat perunggu. E pe terakap. Selamat <USER>,positive
45,Uga maka maten kerina jelma ndai nake,negative
46,Ayak-ayak Biang.,negative
47,Kai pe la man ukuren. Lit nge pagi malemna kerina,positive
48,"Ula kam sangsi agi, masa depan cerah adi ras aku... E pe adi la udan ya.",positive
49,"Antara aku kam ras ia,,, kam teku ngena,, tapi kam, ia atendu ngena…",positive
50,"Nggo sikap kerina kalimbubu,, mis kam man yah…",positive
51,"Gua berita teman,,",neutral
52,uga berita kena teman???,neutral
53,"Kam si salah, kam si lepak",negative
54,"Situhuna agi ku, kam la terlupaken aku.. Buktina kuinget denga lalap utang ndu…",neutral
55,"Aula kam sangsi nande ginting, let nge bas aku ",negative
56,"kai gia je, gelah ula jenda,,,",neutral
57,"Sentabi kel i jenda siban kita sangana erlajar alu erbage-bage kengasupen ta, lit (enterem) si kurang, tapi nggit ia erlajar",positive
58,Asa bancina ula ka min kita piah mbunuh semangat si atena erlajar alu erbahan perasanna merasa itokohi perban la ietehna.,negative
59,"Siniarapkenta, siajar-ajaren minlah kita kerina. Ula kari perban jagar-jagarta nge ndai, kalak lanai nggit erlajar. Bujur",positive
60,erlajar lebe gelah beluh....,positive
61,"maksudna ndai, siapai si sungkunndu artina? :)",neutral
62,Mejuah-juah man banta kerina. Ula lupa follow,positive
63,"Tunduh lebe yah,",neutral
64,Kai gulen kena berngi enda nake? jenda odang goreng ras terong dotak ngenca..,neutral
65,"Rusur kam gabung ku jamburta enda, gelah radu erlajar kita jenda",positive
66,ejuah juah.. arah jenda nari :),positive
67,Mejuah-juah man banta kerina Aron i ja pe Kita ringan,positive
68,Pernah ka nge lit temanta (la Kalak Karo ras la tading i Sumatera Utara) nuri-nuri kerna Karo?,neutral
69,"Wari sabtu, wari ndahi kerja-kerja.",neutral
70,Berita mehuli man banta kerina Kalak Karo karina.,positive
71,"Mari, sikatan bana kita.",positive
72,Lit si menarik i bas bagin awal video enda,positive
73,"Selamat #KerjaTahun! Asa jam piga ndai ndedah gendang, Nake? Nggo medak?",positive
74,"Ergiah-giahlah kam ngelakoken pendahinndu, bagi sinuan-sinuan mbaru ertunas kena udan. Semangat berkarya Aron, mejuah-juah!",positive
75,Emaka mbiar aku mbuat br ginting e,negative
76,ula lupa ertoto ope kam medem segelah ula pagi kam lupa medak bas erpagi-pagi :),positive
77,"La kin mbiar sitik pe kalak karo si tanah karo e, uga ka dage ban",negative
78,Bujur man bandu teman. Enggo babandu kalak karo lebih i tandai kalak di Indonesia ras Dunia enda,positive
79,selamat enggo masuk semifinal kam ting. Mejuah-juah man banta kerina,positive
80,"Adi ise pe labo tandai, kalak karo saja pilih yah",neutral
81,Kam kalak karo?,neutral
82,Kai nge ngo realisasiken janji DPRD terpilih sesuai janji dukcapil na sesuai daerahndu gundari.,neutral
83,Arah kuta kena tanggal piga tahun baru nake…,neutral
84,Situhuna wari sisendah me salah sada wari kebesaran Kalak Karo,positive
85,"Bujor Tuhan, ngo udan bandu. Sada menit saja tah ngo piga ton penusurndu lau",positive
86,"Adi perjuma-juma lit motorna tulisna ""Kol Mulana"", adi pegawai ""Pulpen Mulana""",positive
87,"Apai pe kam nande Tigan, kupastiken kam krina pinangko ikan",negative
88,ula larangndu Dibata peturah Ganja. pikiren ras beltekta lah rananaken,neutral
89,"Kalak karo e, uga pe gejekna madian kapna kerja-kerja, ergendang, perpulungen ras temanna sendalanen. Emaka lo tergujuhi",negative
90,"Kepeken reh bersihna kita, reh langkana kacibang",positive
91,"ninta Dibata kai pe idahna, kai pe begina. engkai dage maka kita ngadu² kerna Dibata man manusia",neutral
92,"Inget kerja tahun inget tape. Erban tape kuta unikna la bci erkesut, macem kari nina mbarenda nini",neutral
93,Adi kerna rajin ras metir kugereja,positive
94,Jarang kal manusia nggeluh ketika dat musibah atakenna rejeki ras dat sen adalah musibah/karma,negative
95,"La ngurangi kehamaten kami, ula melus bulung-bulung i kerangen, i gelari kam presiden kam Ir Joko Widodo",neutral
96,ula macam² adi tekuak manuk pertama nina,neutral
97,"adi nai, mesui ipenta, ndoh ndaku pecek kakambal me nina nini",negative
98,setuhuna karo e bidang kesusastraan seh kal majuna,positive
99,Asa kai bintang tamu si reh masa Kerja Tahun enda ia me salah,neutral
100,"oula ateta mamang, kalak si kumat pinakit ",negative
101,Sada kata sada wari bagin si peduaken,neutral
102,Tapi totoku gelah kita kerina tetap lit bas keadan sehat ras mejuah-juah!,positive
103,Arih lolo erban ate megogo nina lagu karo.,negative
104,"Uga erban ukur meriah adi la merugiken kalak, bage sajalah ban. Labo pedah begiken cakap sinterem. Ia kai kin nina lang",positive
105,"""Kam ula sempat narkobaan i kuta kalak ena ya nakku, pala lampas atendu aku mate...""",negative
106,"Tetaplah ngataken bujur amin gia dor, megati dingen rusur si terjadi e sitik pe la bagi ukur",positive
107,Ndiganlah merdekana adi bas pusuh  e kap saja ngenca lalap o rondong kalak :),negative
108,Me enggo rempet terginting-ginting kerina jelma ndai dah,neutral
109,"ue, pagi aku reh",neutral
110,"uei, pagi kam reh ku rumah ya",neutral
111,gadung macik macik pe dayakendenga,negative
112,paksana la ka ku suan gadong jolar ta,neutral
113,meherga kel paksana minak goreng,negative
114,"ja pe merga minak goreng, lanai tertukur kita pe",negative
115,banci me istirahat le aron ,positive
116,baci nge kap ndu Karo FC ku liga 2 nake ?,neutral
117,mejile kel beka buluh si pakei pak Jokowi sanga ia ku Taneh Karo,positive
118,obat kai pake ndu man nyemprot rimo <USER> ?,neutral
119,obat kai pe lanai malem,negative
120,maun maun aku minem I kede sidah,neutral
121,"mon mon la ka minem peh, perban lalit sen ta",negative
122,"ndauh nari nge ku tatap pak jokowi sanga ia lewat ku ta, ",neutral
123,"labo dalih ndoh lebe, kari me baci kita ersada I pelaminen,",neutral
124,kai nge merga kena ? ,neutral
125,enggo seh tugun karo marga bage pe ginting marga,neutral
126,isei artis karo favorit kena nake ?,neutral
127,ise perkolong kolong na ?,neutral
128,"beltek ta enggo melihe, tapi nakan lenga reh tiga nari",negative
129,"kai lah ban dahin ta  ya?, maka lanai kita melihei sa",negative
130,"dung kam minem tuak, oula kam mis ku rumah, mbau denga babah ndu",negative
131,la kap tertambari pinakit adi kam pe malas man ras kisat minum obat,negative
132,"gundari pe rimo rimo enggo bali bagi ngasuh harimau, la bandu pas pan na kita",negative
133,"perban la pompa pompa, rimau ku seh mbuai na nartar",negative
134,gua kap kena adi siusulken sada stadion mbaru man kandang Karo FC ?,positive
135,uga kin bena bena na kecelakaan motor ah ndai ?,negative
136,"perjuma juma tomat ras lacina dat duit sekelai nda, sebeb paksana merga barang I pajak roga",positive
137,"cina merga, tapi cina ku lalit man mbabaan ku tiga, karena mbuai meseng",neutral
138," cina kitik, cina megara ras cina ratah  paksana meherga, emaka percina cina dat duit",positive
139,"""tigan oh nande tigan, erbarung kita nindu tigan, si suan tomat lacina"". Ikutken min lagu ena, pasti dat duit, heheh",positive
140,merga gia minak goreng terpaksa situkur,negative
141,"enggo meherga, susah ka man daramen, sel kel kita sekeleinda",negative
142,"riah ken saja ukurta teman, gelah ula kita stress perban zaman enda",positive
143,"adi la kam sempat ku rumah ta, telponi saja kari ya",neutral
144,arah ja kin rumah ndu e ?,neutral
145,banci masuk motor ku bas ?,neutral
146,"baci, tapi la motor fuso ya, heheheh",neutral
147,mejile kel suara lyodra ya,positive
148,si mejilei na waktu ia ngerendeken lagu mbiring manggis,positive
149,"ja pe kam tading, mari sidukung lyodra taneh karo nari nake I Indonesia Idol",neutral
150,mbera juara 1 kel lyodra,positive
151,"la kap siteh harga barang kai si bakalan meherga, mon mon rimo, mon mon ka cina, hmmmmm adi eteh me enggo bayak",neutral
152,"emaka ola, ola ola, ola gelang ken kena",neutral
153,"megekgek ei kurang jelassa, mungkin lit si banci perjelassa",neutral
154,"labo dalih , lit nge pagi upah megenggeng",neutral
155,"megenggeng, kai ertina ?",neutral
156,"man kai tanggal cantek, adi labo kam nggit man bangku",neutral
157,"lit ras lalit rondong ndu, tetaplah nikmatindu hidup",neutral
158,"man kai lit rondong, tapi toxic",negative
159,"selamat ya aron, mbera kerina erdalan alu mehuli",positive
160,otak ku liang melas datas ngutip rimo :(,negative
161,"bujur melala, sehat sehat kam",positive
162,kena kai kam e ma nangin ?,negative
163,"mejuah juah kam turang impal, senina ija pe kam ringan.",positive
164,let nge pagi malem na,positive
165,"apai akap ndu madiin, nuci, nggosok, nuci piring atau ngerondong ?",neutral
166,ula ukuri si la man ukuren,neutral
167,la kam mulih natal ras tahun baru enda ?,neutral
168,"bapa kami tambar malem merga na, enggo alo alo ndu rimo kami",positive
169,lanai gejap sebulan nari neggo ganti tahun,neutral
170,ise guru favorit ndu sanga SD ya ?,neutral
171,"la padah pakai sen ena ndai, adi sen haram nge",negative
172,"en tabeh nari nge akap koruptor, pake na sen kami",negative
173,"ndauh nari idah mejile, deheri mejin",negative
174,ndoh kel rumah ndu pe ,negative
175,rimo erban sa jaya tanah karo nake,positive
176,rimau ka si erban sa tanah karo guntar,negative
177,asakai pe sen la erbias bias adi erjudi,negative
178,"sendah man, pagina lang",negative
179,"kol pe murah, emaka per juma si kutiga kol na, mbuai rutang",negative
180,"nina sekolah gratis, tapi gua maka na mbuai denga anak anak si ngadi sekolah",negative
181,gua pe baci gundari,neutral
182,uga pe la teng teng,negative
183,"ue ningen saja ya, maka enggo pedas dung",neutral
184,arah ja pe enggo kap kicat aku e,negative
185,singuda nguda bandung seh kel jile na,positive
186,"meriah sikota medan, riahan denga kota jakarta ",positive
187,enggot lit perwakilen kalak karo i olimpiade nake,positive
188,minak karo ka nge si mantap na man nambari tersiher ginting margana,positive
189,"aluni anjar anjar, maka banci denga menang",positive
190,"song song udan, song song las, lalah udan pinakit e",negative
191,"selamat hari guru, ise guru kena si randal na ya ?",positive
192,"si rusur pek pek guru, mari pulung kita",negative
193,si rusur terlambat upacara mari ras kita,negative
194,let ka nge guru kena si pernontil nontil nake,neutral
195,"ku juma ras kurumah enca me pendahin ku, baci nge aku tampil ?",neutral
196,lenga kap banci gendang guro guro aron I kuta ku,neutral
197,"covid enda, erkai pe kita la baci ban na",negative
198,"kai kai sitik covid, kerina karna covid, ",negative
199,"batuk sitik, enggo kirana covid, hacimen sitik enggo kirana covid",negative
200,"adi kujuma kurumah kita, mungkin nge kena covid nake ?",neutral
201,"adi bas juma kita kena las nge lalap, me matei nge virus covid e",neutral
202,piga kalak nge kin kena reh e turang ?,neutral
203,baju kai pe pake na adi kalak banyak idah merga kerina,positive
204,banci kita jumpa lebe pal ?,neutral
205,"jambe nurung kerah, sedap kel me",positive
206,mari sitotoken ma ginting enda gelah menang,positive
207,anak ise kin si erlau lau ah ?,neutral
208,"kubaba cina ku pajak roga, telap kel, sekali erdaya cina, kena herga na ",positive
209,la bias sen man galar utang ,negative
210,"adi jumpa ras biang ula kam kiam, adi kiam ayak na nari, baci kam karatna",negative
211,"kai pe seh nukah na viral gundari, tinjui batang pisang pe viral",negative
212,ngeri tuhu ya dalan ku datas enda,negative
213,rempet merhat man rimo tanah karo,positive
214,baba luah ndu ya pak,neutral
215,ngeri kel bupati langkat ya,negative
216,"bupati langkat trending, tapi bas silamehuli alias kemali",negative
217,enggo pasti sakit adi tadingkin si nekelingi,negative
218,"lit nge pagi malem na, amin na gia kita enggo sirang ",neutral
219,dahinkenlah dahin ndu alu tutus,positive
220,babi panggang la ernanam sira,negative
221,gawah gawah ku berastagi tah,positive
222,kai pedah nande si asa gundari inget ndu ?,positive
223,tedeh ateku nande jine,positive
224,rimau tanah karo nari enggo seh I istana presiden,neutral
225,entebu kel rimo tanah karo e me,positive
226,"bujur, enggo alo alo ndu rimau kami ",positive
227,guru kai jei ndai bibi ndu ?,neutral
228,guruku melala si mehuli,positive
229,kuakap rata rata melihu kerina,positive
230,sitik enca si la mehuli kuakap,negative
231,guru ku SMP seh SMA mehuli kerina,positive
232,guru SD ku la mehuli,negative
233,guru SMP ras SMA ku pelit nilai kerina ,negative
234,wari simehuli man bandu kerina,positive
235,"kidu kidu, makan favorit khas kalak karo",negative
236,kerina wari simehuli nge kerina,positive
237,ise lit biang na ?,neutral
238,ise gelar biang kena kerina ?,neutral
239,arih lolo perban ate megogo,negative
240,kai nge nipi ndu ?,neutral
241,"nipiku berngi ndai sitik kel pe ha mehuli, ayak ayak biang aku",negative
242,"nipi ku pe la mehuli, tagut nipei kap ndu aku",negative
243,"mejile kuakap nipi ku, lit kap ndu si mbere sa aku tengguli",negative
244,"gelar biang ku, moogy",neutral
245,biang ku darangen,negative
246,"gelar biangku jopy, paksana ranak kitik ",neutral
247,aku lalit biang ku ,neutral
248,asakai gundari ongkos ku kabanjahe medan ?,neutral
249,merga kel tes PCR ya,negative
250,adi tes antibodi enggo murah,positive
251,"momo, man kam si lit motor na, ula lebe kam ku medan arah sembahe, sebab lit longsor",negative
252,"man kam si atena ku medan, la baci lewat sembahe, lit. longsor",negative
253,lenga lit si pesikap sa dalan ku medan ?,neutral
254,"sabtu minggu, dalan medan berastagi macat lalap",negative
255,"adi lit min ndai tol medan berastagi, entah la mindai macet kel",negative
256,"momo, lit truk terbalik I sibolangit nake",negative
257,baci lewat ku medan bang ?,neutral
258,piga wari nari tahun baru e? enggo tukur kena baju baru ?,neutral
259,"pesta bunga I berastagi, lyodra bintang tamu na ",neutral
260,Judika pe pernah jadi bintang tamu I pesta bunga berastagi,neutral
261,"kerja tahun sekeleinda lenga baci adu perkolong kolong, covid denga",negative
262,"ngayak ndigan lan covid e, enggo nandangi kerja tahun, lenga lit tanda tanda baci adu perkolong kolong",negative
263,"kerja tahun enda, I rumah saja kita nake",neutral
264,"kerja tahun lenga banci, tapi kerja kerja enggo baci, ",neutral
265,bulan piga kerja tahun kuta kena ?,neutral
266,"kerja tahun kuta singa bulan telu, ",neutral
267,kerja tahun kuta gajah bulan 10,neutral
268,adi kerja tahun kuta batu karang bulan 1,neutral
269,kurang riah na kerja tahun adi la lit gendang na,negative
270,"tasak ken rires man kerja tahun, isei lah man sa ?",neutral
271,"tasak ken cimpa man kerja tahun, isei lah man sa ?",neutral
272,kai lah ertina kerja tahun adi lalit si ku rumah ki rumah ,neutral
273,mari sitotoken gelah mis bene covid enda,positive
274,"o covid, laus kel kau ku kuta mu ya, ulanai reh ku kuta kami",neutral
275,"akap kena adi benaken gendang I kerja tahun, meningkat nge covid tanah karo entah lang ?",neutral
276,"adi meningkat covid kerna kerja tahun, gua maka la meningkat covid waktu pilkada ya",neutral
277,enggo 3 tahun enda lalap lenga banci er gendang bas kerja tahun,neutral
278,"enggo hampir bali ras bang toyib, 3 kali natal, 3 kali tahun baru lenga baci lalap er gendang bas kerja tahun",neutral
279,cuba kataken kai saja pangan pangan si lit pas kerja tahun I kuta kena ?,neutral
280,"adi lenga lit corona, rumah siapai pe lit rires waktu kerja tahun",neutral
281,"ku suan gadung, tapi mbuai pan menci, kai kap kena solusina ya ?",negative
282,"mon mon dat duit, mon mon tukur sira pe la dat kita kujuma enda",neutral
283,"tutusi sekolah, gelah la kam latih ku juma",positive
284,"ija pe kam tading, ula kam lupa er toto, gelah sehat kita kerina",positive
285,lit motor kabanjahe ku kualanamu ?,neutral
286,"tahun enda kol enggo baci langsung expor, emaka asakai kena per kol kol, enggo baci dat duit",positive
287,la gia mejile adi melias,neutral
288,mejile rupa lenga tentu mejile perbahanen,neutral
289,"rupa baci saja bagi lyodra, tapi perbahenenda bagi bengkala, man kadai ta",negative
290,"ula lupa ertoto gelah sehat sehat kita kerina, sebab enda musim covid",positive
291,"selamat hari jumat, man kam si beragama islam, enggo baci kam ersikap ku mesjid",positive
292,"hari minggu hari libur, ula kam lupa ku gereja ",positive
293,kai pe labo dalih pendahin asal halal ras dat sen,positive
294,"ula kel jemak ndu narkoba ena, mis kel kam bene ban da",negative
295,"adi la kam masuk penjara, masuk ku kuburen kam ban narkoba ena",negative
296,sitik nge lebe maka mbuai,positive
297,hati hati lah kam nak ku nandangi pergaulen kota jakarta,neutral
298,inget pedah orang tua bas kam perlajangen,positive
299,"ula tual, datas langit lit denga langit",negative
300,"si sampati kalakei, pagi lit ka nge si nampati kita",positive
301,"ngena ateku kena, impal,",positive
302,"ula kecewaken ndu aku, iba kekelengenku e",positive
303,"cakap jelma siterem, mbuai macam na, tapi perban cupingta dua ngenca la perlu begiken kerina",neutral
304,"adi tandai ndu ise bandu, la kam perlu sedih, la tandai ndu ise kam maka perlu kam sedih",negative
305,bene selera man ku perban mbau macik macik,negative
306,bene selera humorku perban bencong bencong,negative
307,"lalit sibujur bujur na, sada pe lang",negative
308,"bagi cina ras belacan, radu maka sedap",positive
309,"ula urusi usen kami, sebab la angka ndu e",negative
310,"elap imen ndu ena, mela bage",negative
311,"bene nderebih sen ku 57000, ulihken sitik ya",negative
312,"ate ngena tanpa batas, nggo pe lit rondong na asa anakah ndai terus, kedungen na rubati ia",negative
313,tedeh ateku whatsApp ndu ,neutral
314,"sendah , bulung gadung ras ikan asin pe sedap man",positive
315,"adi lalit pendahin, mesui takal",negative
316,pagi pagi denga pe enggo mengeluh ibas kegeluhen ,negative
317,"teman debat, labo teman rubat",neutral
318,mesui beltek ku perban terlambat man,negative
319,ula morahi perbahan kita kalak mesera,negative
320,"nandangi lebaren, tapi baju baru pe lenga tukur",neutral
321,meriah kel ngeria ndai nake ,positive
322,"langa dung tugas kuliah ku ndai pe, enggo suruh ndu ka aku ku jah ku jei",negative
323,"bas kerja tahun enda, mari siriahken perban enggo lanai lit covid ",positive
324,entabeh kel jambe nurung kerah enda ndai ya,positive
325,"sampati sitik aku ya, latih kel kuakap e",negative
326,langnga dung kutip rimo ndai perban udan nderebih,negative
327,"lenga kap kam man e, maka lemas kel",negative
328,lengga baci aku kerja ndu ndai ya,negative
329,"dalan ke berastagi macat kel, la kita baci muit",negative
330,"mehuli siban kalakei, lenga tentu mehuli ban na kita",neutral
331,kai siban bengkau maka endabeh man ya. ?,neutral
332,"seh kel melketna kesain ta si mbelang enda, la nai tersapui",negative
333,"buk pe enggo jomboon, langnga sempat pangkas",negative
334,adi rusursa ngoge si la huli,negative
335,danak danak erlajar ngawang,neutral
336,"ngalari sitik utang ndu ya, ula gaya ndu enca bagi pejabat",negative
337,"rumah pe enggo borohken ku bank, emaka siap siap lanai lit rumah ta",negative
338,"taneh ta pe lalit, utang pe mbuai, pengkebet pe lalit",negative
339,sekelak denga min ndai baci gawah gawah ku jah ku jei,positive
340,baskom ingan gulen ta ndai enggo pecah,negative
341,harus kita metenget i bas perdalanan,positive
342,jelma musil uis na pe melket,negative
343,"zaman enda, jelma musil kian musil",negative
344,anak ndai pe sel kel mbuai na imbang na I tiga,negative
345,enggo melket kesain ban sampah sampah,negative
346,"ulanai kena buang sampah ndeher tapiin, mbau ban na tapiin ta",negative
347,"ulanai padah sampati ndu aku, adi bola bola ken ndu aku",negative
348,"seluar pe enggo merigat, perban karat biang",negative
349,"biang ise adah, ngereng lalap. Terganggung kita ban na",negative
350,"mbarainda, biang ras babi, bebas bas kesain ta, gundari biang nari enca",neutral
351,"ise pe la merhat man sa, rimo macik",negative
352,melias metami ban mama ras mami,positive
353,"entebu nanam paula, lanai kita muas ban na",positive
354,dilaki ima ndai pe perjudi judi,negative
355,anak perana si gundari mbuai erjudi online,negative
356,"adi kin ia pemabuk ras perjudi, enggo me tadingke saja, lalit oratna lanjut",negative
357,"ciger wari, las wari sipasna minem paula manis",positive
358,aron I juma ta la teh na aurat,negative
359,"jumpa mata sanga kerja tahun kuta, lanjut ku kerja kerja, seh ku mata kerja ",positive
360,"man kam si erjabaten, sampah I pajak berastagi lenga lalap angkut",negative
361,"telu ia ersenina, teluna ka masuk penjara",negative
362,"lit ka, telu ersenina, teluna menganjang sekolah na",positive
363,"si gua pa pei lit jelma enda, lit simehuli, lit si metai",neutral
364,anak anak sigundari er game saja dahin na,negative
365,"mamang kap ate ku, anak perana, perbapaan, anak sekolah, ergame kerina, ",negative
366,"adi ergame dekahen, baci kari tading pelajaren e",negative
367,"pedah pedah si gundari, ""sangup maka dalani""",positive
368,"nande ras bapa na pe lanai begi ken na, apalagi kita",negative
369,"muat sen gundari sel kel serana, ",negative
370,"ula rusur sa ngeiluk, adi anak sekolah denga",negative
371,"rusur nari kam ku idah mabuk e, bapa sianu",negative
372,ula usur sa ndarat berngi adi lalit keperluen,negative
373,"las kel wari, mubang ras es si entabeh na e",positive
374,mari si pesikap kuta kemulihen ta,positive
375,teh putih pe bereken ndu enggo terakap kel kuakap,positive
376,"muas pe aku, pe diat ndu saja je, seh nari nge ukur ndu",negative
377,"teh telor ban man puding ta, gelah er sehat na",positive
378,"kita per per juma juma, la padah tual kel",negative
379,ngeri kel premen kota medan enda ya,negative
380,dalan ku kuta liang melas datas enggo mejile nake,positive
381,"enca enggo reh pak jokowi ku desa liang melas datas, dalan pe enggo di pesikap",positive
382,dalan ku kuta ku pe mejin denga,negative
383,morah kel ate kalak ndai,positive
384,"agina nuri nuti man banku, uga per bahanen kaka na si la terpakai",negative
385,"reh ia ku rumah janah tangis, perban meling ban dilaki na",negative
386,"jumpa ia ras kaka i patar tuak, ras ka mabuk",negative
387,"ndauh kel juma kena ndai pe, latih ku akap erdalan",negative
388,"juma pe adi la suani, enggo jadi kerangen",negative
389,juma bapa ras nande pe lenga sempat dahiken,negative
390,"kai pe ikan ras gulen si tasakken nande, entabeh kerina",positive
391,"kacepei pe ikan, adi kam nasak ken sa entabeh kuakap",positive
392,nakan ras cina kacang goreng pe entabeh ku akap adi kam si nasak ken sa,positive
393,"nakan si tasak ken ndu enggo tasak telu, lit medakdak, megelti ras matah",negative
394,"tarum er hp hp, enggo meseng ikan ndai ",negative
395,"ula er hp hp janah mba mba kereta, bahaya nake",negative
396,ola kam kari menyesel pudi wari enda ya,negative
397,ola padah sampati ndu kami,negative
398,pengelaman copet kalak jam tangan ku I jakarta,negative
399,"ngeri ningen kota medan, ngeriin copet pasar tanah abang",negative
400,"si nguda nguda anak perana, lalit sopan na",negative
401,"anji reh ku berastagi nake, meriah kel paksana",positive
402,"nai nari, kota kabanjahe ras berastagi bage lalap, lalit kemajuen",negative
403,"entah enggo piga kali ganti bupati, lalap kondisi kota ta lenga berubah",negative
404,bapa ras nande na pe merawa adi bagah nge,negative
405,"waktu kuliah sel kel malas na, gundari me enggo nanami mesera",negative
406,"erwin ras mima nge ngeiluk, aku si kena tuduh",negative
407,muat laus ku tiga retap ka pe selop ku,negative
408,"selop retap, baju melket , enggoh sel kel sekeleinda",negative
409,"nukur selop ate ku tiga, lupa baba sen, emaka mulih sekelei lanai er selop",negative
410,"ertoto kita man dibata, gelah lulus utbk enda",positive
411,"la tergejap enggo terang wari, mata lengnga medem",negative
412,siluar kaka na meribak ,negative
413,pake baju ras siluar ,positive
414,ceda ukur na perban tolak sidah cinta na,negative
415,"enggo baci benaken simehuli, maka baci kam jadi jelma",positive
416,kerina jelma baci ajari si mehuli,positive
417,"enggom me, baci nge ngadiken kam mabuk e",negative
418,"mulai zaman si adi, kam lalap mabuk, baci nge kam tobat e",negative
419,alu meriah ukur la benaken dahin ndu,positive
420,"perban malas ndu, juma ndu pe enggo peren kel",negative
421,"asal embusi, la ukurina rate mesui kala kei",negative
422,"enggo me baci kam robah e turang, ula nai usur usur ndu si la huli",negative
423,"oula asal ngerana, rate mesui si mbengikin sa",negative
424,"lalit otak na, asal ngerana pasti lit si rate mesui",negative
425,"ban biarna ngenen arimau, ndaraten pis na e",negative
426,"daripada rate mesui lalap, pangen sirang",negative
427,"ngelei I reba, regen na si erban sa megatel",negative
428,"bekas ku latih, terakep kel akap ndu ya",positive
429,bu erna guru SD ku si baik na kel,positive
430,"bagi sura sura ndu tuhu ya, baci kam lulus cpns ndai",positive
431,"temen pe palangen, buniken ka baju ta pas ridi I tapiin",negative
432,kai nge daya dayaen ndu bibi?,neutral
433,"ngulai lah manuk man pangan kalimbubu ndu, maka entabeh kap na man",positive
434,"la ter asuhi anak arimau, terkam na kari kita",negative
435,"sia sia enggo sekolah, lalit pemeteh ndu pe",negative
436,melas kuakap ngemo i juma kalak,negative
437,"aku si ngemo, kami si engkeriken sen ",negative
438,baba saja si mehuli mulih ya,positive
439,tukur HP mbaru gelah baci sekolah online,positive
440,"bapa mbayu I reba, nande ngemo I juma kalak",neutral
441,tiap wari lit ndarat sen man anak sekolah,negative
442,upah ndu encari baci nge perpulungi sitik sitik,positive
443,"perpulungi sitik sitik, maka tertukur ndu pagi anak lembu",positive
444,"tupung kita ras e, sampati ndu sitik tugas ku ",positive
445,"teruh deleng sinabung seh kel mbergeh na, ",positive
446,gula gula pe pindau seh kel degil na,negative
447,"kai pe la terpindau, seh kel degil na",negative
448,berjut nari ayau na asal suruh ,negative
449,teridah kel ia senang arah ayo na,positive
450,"ula latih sa, sakit kena kari",negative
451,"seh kel jile na, ayo anak na, mirip kel ras bapa na",positive
452,ringut nari ayao ndu ena asal suruh,negative
453,nambah jile adi rusur kam ridi ,positive
454,reh nari pinakit ,negative
455,deleng si nabung jadi saksi ate ngena,positive
456,"nini bulang na keturunen Indonesia, tapi ia tading i luar negeri",neutral
457,seh kel mbuai na pinangko rimo,negative
458,"zaman gundari enda, kai pe tangkau kalak, sepatu bot pe tangkau kalak",negative
459,"lanai kita pang nadingken sa sepatu bot I juma, bene lah kari",negative
460,tabung gas pe tangko adi la si eruk rumah,negative
461,sikap lah ban barang barang ta,positive
462,bapa lawes ku tiga nukur pupuk,neutral
463,nande erdakan I rumah,neutral
464,kami lawes ku juma mbuat gulen,neutral
465,"si suan gadung, gadung ka nge pagi turah, labo ka wortol",neutral
466,"adi semehuli si suan, simeluhi ka nge pagi turah na",positive
467,"erjudi kam rusur, anak ndu e pe lanai atena keleng",negative
468,"asal enggo kuit ndu sabu sabu ndai, mbau nari",negative
469,ulanai ukur ndu latih perban anak ndu si la huli,negative
470,tiga kabanjahe ras tiga berastagi seh kel melketna,negative
471,"nai nari, tiga kabanjahe ras tiga berastagi kumuh",negative
472,"dalan ku tanah karo nai nari macat, apalagi tiap libur",negative
473,"anak sekolah mba mba pulpen, perjuma juma mba mba cangkul",neutral
474,"salah urus, jadi na mbau",negative
475,"man ras medem saja dahin I rumah, ",neutral
476,nimai motor I simpang singa,neutral
477,"enggo latih namai motor, la reh reh",negative
478,jam piga kin acara ta ndai ?,neutral
479,nakan ras cina tomat ngenca lit I dapur,neutral
480,cina si dua dua pe entabeh adi ras kita man sa,positive
481,manuk pe bengkau adi la sehat la entabeh,negative
482,ras si dukung Karo FC I liga 2,neutral
483,stadion samura  Karo FC  la layak I liga 2,negative
484,nande tigan seh kel melias na,positive
485,nande biring si ku idah manis kel kerina,positive
486,ku juma pe kita baci bayak,positive
487,mbelang pe juma adi la urus peren ngenca,negative
488,kertang daging perban narkobaan,negative
489,kertang daging perban murah harga kentang,negative
490,reh pinakit keri kerina sinasal na,negative
491,rumah mbaru sura sura ta,positive
492,"perban erjudi, sabah pe enggo putangken",negative
493,dahin segedang wari cikurak,negative
494,sabah ras juma enggo keri putangken man nebusi anak I penjara,negative
495,cikurak janah cikutu dahin si kurang erbobot,negative
496,cikuraki kalak ngenca jago,negative
497,anak na seh kel mejingkatna,positive
498,"bapana seh kel malas na, medem saja dahin na",negative
499,nakan si tanggerkendu ndai pe enggo mali,negative
500,la tergejap enggo galang anak ndai,neutral
501,buniken sen ndu ei na gelah la etah kalak,neutral
502,tukur sitik sira bas kede ,neutral
503,er daya mie aku bas tiga,neutral
504,nande gulai kai bas rumah ,neutral
505,bapa paksa na baca koran bas rumah,neutral
506,mama erdaya manuk bas tiga,neutral
507,bagi ngasuhi anak arimo la dat jukut lit panna,negative
508,mela adi la lit erpemeteh,negative
509,melas kel ku akap suwari ei ,negative
510,kalak si mesera babana nggeluh bagi kalak bayak,negative
511,pagi pagi enda seh kel mbergehna ,negative
512," bujur sikataken, adi lit kalak si nggit nampati",positive
513,"mela ia mulih ku kuta, perban lagu na la mehuli",negative
514,"ola kam lupa ertoto man Dibata, maka seh sura-surandu",positive
515,"kutampul kerahungna, adi reh ia ku jenda",negative
516,"Dilaki si erdalan ah, bapa si Dulis",neutral
517,"tupung kami rani I juma, penangko ngkeriken barang-barang kami I juma",negative
518,"tupung kami rani I juma, pinangko ngkeriken barang-barang kami I juma",negative
519,"berkat me kami ku sabah, enggo kenca tekuak manuk",neutral
520,"la aku nggit merkuanken ia, adi langa I galarina utangna.",negative
521,"la aku nggit merkuanken ia, adi lenga I galarina utangna.",negative
522,"I tangkap na sada manuk, man teman bengkau man na",neutral
523,ku dayaken sabah I kuta gelah ku tukur rumah I kabanjahe,neutral
524,meder pe udan lawes me bengkila ngeria,neutral
525,"nande mbayu amak, bibi erdakan I dapur",neutral
526,"Pet pe ia man, tapi labo terkerikensa nakan sada garun.",neutral
527,"Nini bulang ergula, bengkila erbinaga, aku nuan-nuan i kuta.",positive
528,Berjut kel ia adi la erkanting dilaki na ku rumah.,negative
529,"Kenca elah man, berkat me ia ku juma.",neutral
530,"Kami enggo ndekah i Bandung, janah anak kami pe tubuh ijah nge kerina.",neutral
531,Adi nggit kena nampati kuakap dung nge dahin e.,positive
532,Bapa lawes ku tiga.,neutral
533,Nande ku lawe ku juma.,neutral
534,Kuta kami Linggajulu.,neutral
535,Aku tubuh I linggajulu,neutral
536,"Lawes pe aku erlajang, Linggajulu la ter- lupaken aku.",neutral
537,Merga Tarigan sibuaten nge ras merga Ginting.,neutral
538,Marga Tarigan sibuaten nge ras marga Ginting.,neutral
539,Si Jali sitayapen ras si Dame nderbih.,negative
540,Kalak nggeluh arus nge sisampat-sampaten ras kade-kade.,positive
541,Mbue danak-danak siayak-ayaken i kesain,neutral
542,Aku nuan cengkih.,neutral
543,Kami nukur motor.,neutral
544,Bapa ngoge surat.,neutral
545,Nande ngasuhi manuk.,neutral
546,Bibi mbelgang jaung nguda,neutral
547,Mama nuriken turin-turin Bern Patimar.,neutral
548,humaira erlajar nggawang,neutral
549,La nggit ia nggalari utang na.,negative
550,Aku la pet man Jering.,neutral
551,Kami la nukur sabah i Munte.,neutral
552,Nande la mbayu amak.,neutral
553,Kami la mutangken taneh I kuta,neutral
554,kami borohken taneh I kuta,negative
555,Nini la mbaba luah kai pe.,neutral
556,Kami erlajar cakap belanda.,positive
557,Ia ngempoi kalak Karo.,neutral
558,Aku ngoge turi -turin Pawang Ternalem,neutral
559,Nini bulang nuan rimo.,neutral
560,Bibi nggule nurung emas.,neutral
561,"Adi sahun kami I sampati na, tertukur kami nge rumah e.",positive
562,"Sanga aku mulih ku kuta, jumpa aku ras teman-temanku sekolah gelgel e.",neutral
563,"La aku nggit merkuanken ia, adi la I perobahi na perasat na si la mehuli e.",negative
564,"Nande-bapana erjuma ikuta, ia sekolah i Kabanjahe",neutral
565,"Nini bulang nuri-nuri, kami kempuna karina megi-megi.",neutral
566,"E maka, olanai erjudi",negative
567,E maka pedas mulih.,neutral
568,Bage pe labo jera.,negative
569,Tapi arus nge metenget i kuta kalak.,positive
570,Tapi ola minter ibere.,neutral
571,Situhuna ukurna reh picetnya.,negative
572,Situhuna bapana seh musilnya.,negative
573,Jadina reh buena imbangna,negative
574,Jadina reh kertangna dagingna,negative
575,Ise si maba rimo enda,neutral
576,Ndigan kena reh,neutral
577,Mbelin kal sura-surana,neutral
578,Madin mate asa itohi kalak.,negative
579,Man turang ate jadi,positive
580,Reh belinna reh gutulna,negative
581,Uga maka la kena reh?,neutral
582,Iatek kami reh nge kena.,negative
583,Ndekah kal kami tertima-tima.,negative
584,Ngayak ciger kena I timai kami.,negative
585,Mbaru denga nge ku eteh ninina pasek.,negative
586,Kerina kal anak kuta meteh anakna bayak.,positive
587,La enggo pernah I kataken na bangku agindu gutul.,negative
588,"Lampas kami mulih, ndauh kuta kami.",positive
589,"Mejile kal rupana, e maka nterem naka perana nungkunisa.",positive
590,"Senang kal ia, anakna beluh-beluh karina.",positive
591,"Nterem kal temanna, perban bujur kal ukuma.",positive
592,Tahun si reh lawes me kami ku Bandung,neutral
593,Sitik pe la kuinget ndeharana perbinaga,negative
594,Enggo ndekah ku eteh bengkilana perpola.,neutral
595,Perbahan beluhna ercakap Karo ise pe la meteh ia kalak palembang,neutral
596,Tangtangna labo aku tek perbulangenna perjudi.,negative
597,Mbiar kalak ngenehen ia; nini bulangna guru mbelin.,negative
598,Kalak si la ngikut pedah nande-bapa e kena aji-aji.,negative
599,la mutangken sabah.,positive
600,Ngena ateku kam.,positive
601,Nande ngerawai bibi.,positive
602,Kalak si nggit nangko barang kalak la padah i perteman.,negative
603,Ise pe merincuh nge ngempoi diberu mehamat,positive
604,Ise pe merincuh nge ngempoi diberu si meteh adat.,positive
605,Jelma mediker e la kutandai.,negative
606,Jelma si man beras jaung e la kutandai.,negative
607,Diberu mehado e segat kal ate anak kuta kami.,negative
608,Diberu si nggit erlua-lua e segat kal ate anak kuta kami’,negative
609,Jelma mejingkat labo ban mate lumben.,positive
610,Jelma si nggit erdahin labo ban mate lumben.,positive
611,la ia ikut ku kuta inganna tubuh gelgel e.,neutral
612,Ku tukur baju ndu adi enggo pagi aku dat duit.,positive
613,Kami reh i ingan si meriah janah ndauh nari.,positive
614,Ku legi pe kam turang pagi kedun enda.,positive
615,"Tupung wari Minggu nterem kalak erdaya rimo, kenas, ras galuh.",neutral
616,"Genduari meherga gula, beras ras tinaruh i tiga.",neutral
617,"Anak kuta mbue ngasuhi babi, kerbo, ras manuk",neutral
618,Bapa ras bengkila sebekbek.,neutral
619,"Turin-turin, ndung-ndengen, ras kuning-kuningan Karo enggo melala kupepulung.",neutral
620,Juma ras reba i Linggajulu enggo mbue I suani cengkih ras pala.,positive
621,I kuta-kuta mbue dengan pernanden rembah janah erjujung,neutral
622,"Kenca dung man, ngerana-ngerana janah ngisap-ngisap karina",positive
623,Kami I ajari bengkila nurat ras ngoge surat Karo.,positive
624,Tupung kerja tahun e meriah kal singuda-nguda ras anak perana landek ras rende ngayak tekuak manuk.,positive
625,Naling-naling ras cikurak-cikurak labo pendahin simehuli.,negative
626,Anakna mejingkat janah mehamat kal karina,positive
627,"Rumah si nitukur kami e mejile, galang, mbaru, janah murah.",positive
628," Kalak si megombang, mediker, ras mekisat la man usihen.",negative
629,Ntabeh janah ntebu kal galuh si nitukur kam ndai.,positive
630,"Adi nukur manuk, pilihi si galang ras mbur.",positive
631,"Kerina kalak meteh maka singuda-nguda ah mejile mehamat, janah mejingkat.",positive
632,Usur kami ertoto man Dibata gelah mejuah-juah janah cawir,positive
633,Ukuri lebe mbages-mbages janah mehuli-mehuli maka ola denggo erkadiola.,positive
634,Ola iarapken kam upah mbelin adi pendahindu pe manje manje jah mente-mente,negative
635,Pedas-pedas janah metenget-metenget kal ia ngangkati barang e,positive
636,Manje-manje janali sinik-sinik ia erdalam maka ola medak nini,neutral
637,Turiken mehuli-mehuli janah terang-terang perlakona e maka I teh kami.,positive
638,Tualah pirang mbue santanna.,positive
639,Ulin nge nginem lau melas asa lau mbergeh,neutral
640,Aku la pang nangkap kerbo jalang e.,negative
641,Mesui beltekna perban ipanna nakan mali,negative
642,Kalak bayak arus nge nampati kalak musil,positive
643,Ia sanga medem paksa aku reh.,neutral
644,Agina bayak kal gundari i Jakarta.,positive
645,Rupana labo mejile tapi laguna mehuli tuhu-tuhu.,positive
646,Meherga sitik gundari beras i tiga,negative
647,Si Budi seh kal beluhna ercakap lumat.,positive
648,Ia nuri-nuri bagi si betat-betat.,negative
649,Kami erdalan pedas-pedas sitik maka ola ketadingen.,positive
650,Bengkila ngerana pedas kal.,neutral
651,Aku berkat pagi lampas sitik ku Singa.,neutral
652,Melawen sitik aku ndai medak perban latihsa nderbih,negative
653,Nai nina kunuken lit me sada jelma nitubuhken tempulak.,neutral
654,Emaka igelari kalak ia anak tempulak.,neutral
655,Seh ngasa mbelin ia ipekena  tempulak.,neutral
656,Enggo kenca ia mbelin ietehna me mela.,negative
657,Mela ia ernandekan tempulak,negative
658,Emaka ersura me ia nambari nandena,positive
659,"Ia ukurina, ”ise kin ndia si mehantuna, gelah kujadiken nandeku”, atena.",neutral
660,"I bas sada wari, gawah- gawah me ia ku mbal-mbal ras temanna.",neutral
661,"Paksa e seh kal lasna wari, perban la lit embun si ngelanglangi matawari.",negative
662,Emaka asakai bulung-bulung meratah si nidamparna melus karina.,negative
663,Ngidah si e me maka ia kapsa matawari e me simehantuna.,neutral
664,Matawari me gelah kujadiken nandek atena. Emaka idahina me matawari.,neutral
665,Jumpa me ia ras matawari.,neutral
666,"Kai ateem anak tempulak?"" nina man anak tempulak e",neutral
667,"Ah, kam min ateku jadi nandeku.",positive
668,Ku- akap kam kalak mehantu.,negative
669,Karina bulung-bulung meratah.,neutral
670,kerina bulung enggo dabuh adi musim gugur,neutral
671,"Tapi lit ka nge si terhantun asang aku, em kap embun",negative
672,"Uga pa pe nggargarku adi I leginina, endem nge karina.",neutral
673,La terakap sinalsal si mbincar.,neutral
674,"Emaka dahilah embun, ”nina matawari.",neutral
675,"adi bage kin, kudahi gelah embun”, atena.",neutral
676,ngelepasken perik merpati putih,neutral
677,Idahina embun si mekapal.,neutral
678,"Kenca jumpa, I sungkun embun me ia minter.",neutral
679,Ngaloi me anak tempulak alu mehamat,positive
680,"Ugapa pe mbincarna sinalsal matawari, endem nge karina adi itamburindu.",positive
681,Emaka kam ateku jadi nandeku,positive
682,"Oh, ting tang si e, payo kin bage.",positive
683,"Bage gia lit kange si terhantun asang aku, em kap angin"", nina ka embun.",negative
684,"Mekapal pe aku, merap nari nge adi I embusna.",neutral
685,Labo terlawan aku angin. Ate-atena nge per dalanku,negative
686,Ku ja embusna ku je nge aku lawes,neutral
687,"Ngadi nina, ngadi erdalan nina erdalan",neutral
688,"Dage hantun nge ia. Emaka dahilah angin"", nina ka embun.",negative
689,Berkat ia ndahi uruk.,neutral
690,Galong kal uruk e Pinter ia erdalan ku ancuk-ancuk uruk.,neutral
691,I tatap na i datas nari ku kelewetna,neutral
692,Salang tuhu natap i datas nari,neutral
693,Kenca puas natap-natap I perkuanken na uruk.,positive
694,Kam kalak mehantu kuakap,negative
695,"Meter pe angin, labo terbulak kenca kam",neutral
696,"Ateku, kam jadi nandeku"", nina anak tempulak man uruk",positive
697,Megegeh pe angin labo terbulakkensa aku.,negative
698,Kayu galang mbungkar nge ras uratna adi i demparna.,negative
699,Lit mekap nina turi-turin si adi,neutral
700,indung manuk ngkeremken anakna iteruh kabengna,neutral
701,ersinget me kap kerna Pengulu Juma Raja si sehkel jagona erjudi,negative
702,melala enggo harta i pepulungna perban menang rusur erjudi,negative
703,Enggo ndekah Pengulu e ersura-sura gelah lit min anak i tengah-tengah jabuna,positive
704,Gia Pengulu e mbue hartana tapi la lit anak i pupus kemberahenna.,negative
705,tapi aminna enggo gia bage lenga bo ibere Dibata sura-surana,negative
706,Bas sada berngi ernipi me kemberahen,neutral
707,lanai ndekah nari lit anak ipupusna,positive
708,Tuhu senang kel ukur kemberahen,positive
709,pepagi warina ikatakenna nipina e man Pengulu,neutral
710,Tuhu kai sinipiken kemberahen,neutral
711,"mehuli kel ban kalimbubu ndu, ",positive
712,"Wari tande ku wari, bulan tande ku bulan, anak diberu e reh galangna",positive
713,ersinget me kap kerna Pengulu,neutral
714,"alu rusur erjudi enggo keri kerina harta bas jabuna, utangna pe mbue",negative
715,Perban talu rusur erjudi perangaina pe lanai bagi si gelgel,negative
716,"Anakna si tonggal rusur me irawaina, tempa-tempa perban anak e nge ia rusur talu erjudi",negative
717,Perban talu rusur erjudi janah utang si belang-belang terpaksa Pengulu ras kemberahenna bagepe anakna lawes i kuta e nari itadingkenna kesain si mbelang,negative
718,Sedakkel nge pusuh peraten kemberahen perban ulah perbulangenna tapi uga ibahan ia labo kap pang ngolang-ngolangi kebiasaan Pengulu erjudi,negative
719,Enggo ndauh kalak enda erdalan,negative
720,piga-piga kuta enggo terlewati,neutral
721,seh me Pengulu ras kemberahen bage pe anak e i tengah-tengah kerangen rimbun raya si seh kel angkerna,negative
722,sebab labo pernah pang jelma reh ku je.,negative
723,Ipajekken Pengulu me sada sapo si kitik-kitik inganna tading,neutral
724,nakan na ibuatna bulung-bulung bagepe gadung garang si lit i kerangen e.,neutral
725,Bas sada wari ersura-sura Pengulu nadingken kemberahen ras anak i kerangen,negative
726,la ngasup ia natap kemberahenna rusur tangis ngandung bagepe anakna si tonggal,negative
727,bas sada berngi lawes me Pengulu erbuni-buni itadingkenna ndeharana ras anakna si sangana tunduh,negative
728,"Enggo kenca terang wari, medak me kemberahen ras anakna",neutral
729,mungkin Bapandu ndarami nakanta nakku nina nandena,neutral
730,Ndekah itimai nande ras anak  tapi si man timanken labo reh,negative
731,"Wari tande ku wari bulan tande ku bulan Pengulu lalap la multak-multak,",negative
732,tading me kemberahen ras anakna dua-dua i tengah-tengah kerangen rimbun raya,negative
733,"Ceda kel ukurna perban itadingken Pengulu, tangis bas pusuhna natap-natap anakna lanai erbapa",negative
734,"Piga-piga kali icubakenna nadingeken anakna sisada, tapi la ia ngasup nadingkensa. ""Kuja naring pepagi percibal anakku",negative
735,"adi kutadingken sisada i tengah kerangen enda, terjelpa-jelpa sisada, nina pusuh peratenna.",negative
736,Bas sada berngi sangan anakna tunduh laweska me nande e nadingken anak si tonggal,negative
737,"nakku, tading me kam i jenda sisada,"" nina kemberahen janah tangis iemana ayo anak e iluhna mamburen ku ayo anakna si sangana tunduh.",negative
738,Erdalan me kemberahen nadingekan buah barana nadingken pusuh peratenna si getem,negative
739,"Ndauh enggo itadingkenna sapo ingan anakna tunduh, la ndekahsa jumpa me ia sada batang kayu si galang, ibuatna perembah, atena ndelis me ije",negative
740,"Terang kenca wari medak me anak si tonggal, i idahna lanai lit nandena i sampingna",negative
741,"Nande! Nande,"" nina ngelebuh , idaramina ku kenjahe idaramina ka ku kenjulu, tapi nandena la iidahna, tangis ia iluhna nurcuren",negative
742,"Sisada kel aku i tengah kerangen enda, kuja kel pepagi percibal anak melumang enda nandengku!",negative
743,La gejap enggo ertahun-tahun anak e ndarami nandena,negative
744,"bas sada wari jumpa me ia sada batang kayu si sehkel galangna idahna bas sada dahan lit perembah erjuntai-juntai i terpang angin si lumang, ideherina dahan e",neutral
745,Janah itandaina perembah e bekas perembah nandena si sangana ia i didong doahken,neutral
746,"Teruh batang kayu e ijumpaina lit tulan-tulan. ""Nandengku bagenda kepe jadina, lawes kel kam nadingken anak melumang terjelpa-jelpa cibal geluhna",negative
747,Janahna tangis i pepulungna tulan-tulan e ibungkusna mejile jenari lawes ia ngisari kerangen si mbelang,negative
748,"la ndekahsa ijumpaina sada gua si seh kel angkerna, kubas me ia. Isiarina gua e alu mbiar reh ndekahna reh kubasna ka ia",negative
749,"La gejapna arah lebena nganga babah nipe si seh kel galangna, banci sada anak kerbau siat kubas.",negative
750,"Andiko nande! mate naring sekalenda anak melumang"" nina nggirgir",negative
751,Oh.. nini i panndu saja anak melumang enda,negative
752,"nggeluh pe terjelpa-jelpa, adi ipanndu banci nge aku jumpa ras nandengku si enggo nadingeken aku",negative
753,"dudurkenna tanna ku babah nipe e, tapi la pan nipe e ia, kenca itarikna tanna mulihi maka enggo teridah bas jari manisna sada cincin si mejile",positive
754,Bas sada wari reh me ku kerangen e sekalak pemburu,neutral
755,"O… kempu!"" nina nipe e. ""Ula kam mbiar, cincin ena gelarna cincin pinta-pinta, kai kari ipindondu banci nge iberekenna,"" nina nipe e",positive
756,"melala beras ras pangan si deban ibabana, ijumpaina me gua si galang",positive
757,"Itadingkenna me beras e ije, jenari lawes ia erburu ku tengah kerangen simbelang",neutral
758,"Anak melumang e pe tading ibas gua e, tapi ia tading terdauhen ku bas",negative
759,"maka ipindona me man cincin e beras gelah banci ia man, rempet me lit i lebe-lebena beras",positive
760,bagepe pemburu enda lit datna buruanna mulih ka ia ku gua,neutral
761,lanai lit idahna beras si tadingkenna ndube,negative
762,"Bagem rusur tiap-tiap wari, adi ipindona beras maka bene me beras pemburu e",negative
763,mamang ukurna uga maka tiap itadingkenna beras ije bene rusur.,negative
764,Bas sada wari ndarat me anak melumang e i gua nari atena ndarami lau man inemen,neutral
765,rempet lit idahna sekalak jelma ije,neutral
766,"ise nge ndia jelma enda arih,"" nina pusuhna",neutral
767,"Pang naring ia ku jenda, labo pernah lit jelma pang ku kerangen simbelang enda",positive
768,Pemburu pe la tanggung senggetna ngidah singuda-nguda e salu gugup ras mbiar isungkunina me singuda-nguda e,negative
769,ras ise ia tading i kerangen simbelang si dem binatang buasna,negative
770,"Ituriken anak melumang, uga makana ia tading sekalak i tengah kerangen e. sengget pemburu megi-megi ranan anak melumang.",negative
771,Adina bage agi! mari sitadingken kerangen enda,neutral
772,"Lawes me pemburu ras anak melumang, itadingkenna gua inganna jumpa",neutral
773,"La ndekahsa seh me kalak enda ku sada kuta, ije me pemburu tading",neutral
774,"Enggo ndekah anak melumang tading ije, bas sada wari ersura-sura pemburu muat ia jadi kemberahenna",positive
775,Sehka me pesta perjabun pemburu ras anak melumang,positive
776,Seh kel nge riahna ukur kalak si enterem ngidah pengantin duana,positive
777,Lit deba atena ngidah pengantin si diberu si mejile rupana,positive
778,Sengget tua-tua entah pe nande-nadne ngidah ayo anak melumang perban pernah nge idahna ayo sibage jilena. ,positive
779,Erkusik-kusik ia sapih ia. La kin ia anak Pengulu mbarenda si talu erjudi ndube arih,negative
780,balikel ayona ras kemberehen Pengulu ndube,neutral
781,bagem nina cakap nande si ngidah ayo pengantin si diberu,neutral
782,Megi-megi ranan si e kerina sedakkel pusuh anak melumang,negative
783,la igejapna naktak iluhna ku ayona si mejile,negative
784,Ngerana me ia salu iluhna mamburen ku ayona.,negative
785,"Payo tuhu katandu kerina, aku kap anak Pengulu si talu erjudi",negative
786,lawes kami mbarena i kuta Juma Raja perban melala utang bapa,negative
787,ertahun-tahun kami tading i kerangen simbelang,neutral
788,Itadingken bapa aku ndube ras nande i tengah kerangen,negative
789,"bage pe nande la ndekahsa lawes nadingken aku sisada,",negative
790,nande enggo lawes nadingken doni nadingken aku sisada rasa lalap,negative
791,"Enda ku baba tulan-tulan nande ndube, ibuatna bungkusen e janah itamakenna ku lebe-lebe si enterem",negative
792,"Tangis kerina jelma si megi-megi ranan anak melumang, wari kin pe ndai melas rempet reh udan",negative
793,tempa-tempa megogo atena megi ranan anak melumang e.,negative
794,"Bagem kedungenna anak melumang, nggeluh erbahagia ras perbulangenna",positive
795,Kerina bentuk perjudin enggo I hapusken bas kuta e sebab judi nge erbahansa kegeluhen la senang.,negative
796,Perban judi nge anak rate mesui,negative
797,Nai ope denga lit pasar dalin engkahe,neutral
798,"Ngelegi sira, ikan dagangen entah kai denga sidebanna kerina i legi alu dalin erlanja",neutral
799,"Jelma mbiar denga asum e man ingan simejin-mejin, ntah kerangen bagepe deleng mawen batu pe",negative
800,Adi Pa Ngatoi ibahanna sapona barung-barung i tepi dalan perlanja e,neutral
801,kelang-kelang deleng Barus ras deleng Sibayak,neutral
802,Ije ia ringan ras ndeharana. Man perlanja si erberngi ije,neutral
803,i berekenna kudin pinjamen man perdakanen,positive
804,janah i bereken perlanja e ka ikan entah pe sidebanna,positive
805,Piah dungna alu dalin bage enggo bias kegeluhen Pa Ngatoi ,positive
806,"Adi pecah kenca kudin, ntah kai akapna i bahan perlanja la sikap, minter i kilangna",negative
807,Mbiar perlanja lanai i berekenna ije erberngi maka i tahankenna i kilangna.,negative
808,Sekali paksa turah me ukur Pa Ngatoi ngoto-ngotoi perlanja alu pebiar-biarsa,negative
809,Ibar-barina sada sarunggitgit dua estah gedangna,neutral
810, Bagi jelma ibahanna tempasna,neutral
811,"Enca dung i tamakenna deher sapona, agakna keri setengah pe isapen dekahna erdalin",neutral
812,"Janah ibas sada wari, i buatna me manuk megara i gelehna, janah i buatna dareh buka-bukana, ate-atena, rak-rakna ras dalang-dalangna, je nari i sulangkenna man gana-gana e",positive
813,Je nari i bas-bas me alu purih tonggal janeh nina,neutral
814,meriah kel pesta bunga berastagi sekelainda,positive
815,janah engko me jadi sirulahi man kalak simegombang arah dalin enda”.,negative
816,"sebab keramat si ah ndai banci nampati kam, adi mehamat jumpa rejeki kam, adi lang bancing kam i rulahina",positive
817,Sikurangna kari mesui kal takalndu i bahanna,negative
818,"Erkiteken ingan gana-gana e pe bagi si mejin ka kin tuhu, enca ije nari melala me tuhu kalak ertoto ras ercibal ibas gana-gana e",negative
819,"la kal aku bangger-bangger, adi runtung binagangku banci kubereken man bandu luahku nini",positive
820,"Enggo ka kap ndeher atena wari Natal ndai ras si ku begi, er-natal ka me kita nina guru",positive
821,Dalan Kemalemen bas tahun enda,positive
822,"tapi, me ndekah denga nge, Bapa Mayang, la aku salah enda me paka silima",neutral
823,"ee.. la banci! Pokokna ula sempat sienda terjadi! Sebab adi sempat berita e tersiar ku sebelang-belang Taneh Karo e, kai nge pepagi nina urung-urung rikutken kesebayaken sideban.",negative
824,banci saja jabatenku selaku bapa urung i Simalem Jahé enda mugur,neutral
825,Enggom ku singetken ras bage pe ku larang,neutral
826,mbegiken cakap-ku ras piga-piga sibiak perbapan kesain malah ersekongkol ngelawan aku salu ndukung kalak Kristen e,negative
827,"Uai, Raja! Perbahan i eteh kalak e kam selaku urung la senang",negative
828,maka piga-piga sibiak-perbapan kesain ‘nggit ngarak-ngarak kalak e pepagi ku ibu negeri guna ‘jumpai sibayak Pa Geder.”,neutral
829,La kapken I ergaina nari aku selaku raja urung i kuta Simalem Jahé e,negative
830,enda engo seh tugun ta ,neutral
831,Adi bage pepagi lampas ka kita ku ibu negeri guna jumpai Sibayak Pa Geder,neutral
832,Ula sempat leben kalak koh ngerana ras mpengaruhi sibayak gelahna i setujuina kerna perayan Natal e,neutral
833,Ras ula lupa kari jumpaindu guru mbelin,neutral
834,"Enam Ia, Sibayak!  Uga ningen terberita adi kalak penebu-nebu Labo e saja, Sibayak",neutral
835,Salu gelarNa guru-guru kompeni oh ngajuk-ajuk rakyat derip enda guna nadingken Adat Karo e,negative
836,mejilei isi bukuna enda lit terjemahenna ku bahasa indonesia,positive
837,"ceritana si peduaken lupa aku judulna tentang katak, nggo pernah ku begi arah nini karoku nari, agak beda ia isi ceritana, tapi intina bali saja nge",neutral
838,Tupung gelap berngi e aku terlolah,neutral
839,Turang ija kena gundari,neutral
840,Bage dekahna kena la erberita,negative
841,Turang let nge tedeh ndu bangku,neutral
842,Aloi aku o Turang mesikel aku jumpa,neutral
843,Bas aku lolah e begi ndu nge sorangku,neutral
844,Tedeh tedeh ateku kena nde karo,neutral
845,Banci denga nge ndia kita jumpa,neutral
846,ija kena gundari mesayang,positive
847,Kuja nari nge ndia kuturiken ateku tedeh e,neutral
848,Terangkin pe wari e aku terlolah,negative
849,Nggo menam masap jine kam bas geluhku,negative
850,Nggo menam malem luka ibas pusuhku Ertahun-tahun ma Bayang,positive
851,kubaba ate ceda Bekas pengeloken ndu mbarenda,negative
852,Tapi gundari reh kam ncidahken bana Nuri nuri luka ibas pusuhndu,negative
853,La kam bahagia ras seninaku,negative
854,Surandu mulihi kita ersada,positive
855,Ma Bayang lanai lit oratna Si ulihi gia ateta ngena ,negative
856,La terpenguda buluh si nggo metua ,neutral
857,Nggo terlanjur impal ateku ceda,negative
858,Suruti ukurndu,neutral
859,La nge padan bayu aku jodohndu,negative
860,Adi nggo ia mbarenda i pilihndu,neutral
861,Ula min gundari persilahangndu,negative
862,Dalan erlajar muat simehuli kam ras ia.,positive
863,Seh kel manis na lanai tanggung jilena,positive
864,Nggo kenca jumpa ras kena,neutral
865,Mama karo e lanai teku sirang,positive
866,Mari min lebe kujenda nangin,neutral
867,iah min mari lit ateku kena,neutral
868,ngena kel ate ku kam,positive
869,Gelah nggo i teh ndu agi,neutral
870,I bas pusuh ku e kena nggo rondongku,positive
871,perbahanenndu erbansa aku enggo mela,negative
872,Nggo kukataken kam rondongku,positive
873,La ketadingen bage pe,neutral
874,Perca perca uis male male,neutral
875,Lanai metunggung ia i pake,negative
876,Lanai ku ukuri mela nake,negative
877,Ban biarna ku kam bene,negative
878,Suan me page man tambar lihe,positive
879,Nurung kerah gule ras jambe,neutral
880,Gelah teh kena krina nake,neutral
881,Nde nangin enda nge pagi man permen nande,positive
882,entah kai nge ban ndu durma daging ndu,neutral
883,bagi kurmak I tepi rakit,neutral
884,Nartar bungana rudang rudang ateku ngena,negative
885,Bulung na melus tading ranggasna,negative
886,kam mbaba-baba ateku ceda,negative
887,Nadingken kuta erlajang bana,negative
888,Meledang batang cikala,neutral
889,La kuarap buahna la bas batang na,neutral
890,Sirang ras ate ngena,negative
891,Penggaya gaya kena ngayaki harta,negative
892,Lebih lima tahun taneh kuta lanai ku dedeh,negative
893,Teman teman e pe nggo rate tedeh,negative
894,Kubegi beritana rudang si nggo ndube tersereh,neutral
895,Mulihi Sirang ras bulangen na,negative
896,Lasam la tama ngaru,neutral
897,Bekas ku latih bagi nggugahi pucuk galuh,neutral
898,Tedaram kena man bangku,neutral
899,Segelah aku gancih sambar perbulangen ndu,neutral
900,temani aku asa metua,positive
901,anak kucing e rusur kurang mejile akapna nandena perbahan nandena e mbiring kal rupana,negative
902,E maka isambarina me atena nandena,neutral
903,Lawes me ia ndahi matawari nina,neutral
904,aku kam kal ateku kubahan jadi nande ku,neutral
905,sebab kam terang kal rupandu,negative
906,"O anak kucing, kami matawari enda pe suah kal akap kami.",negative
907,"Sebap adi reh embun, minter kal bene terang kami e, itutupina kami, gelap minter",negative
908,Kenca bage lawes ka me anak kucing e ndahi embun ,positive
909," embun, aku kam kal ateku kubahan jadi nandengku, sebap matawari pe banci italukendu",neutral
910,"Labo bage, o anak kucing! Kami pe gulut nge akap kami, sebab reh kenca angin, I embusna kami, minter mistak kami.",negative
911,Kenca bage lawes ka me anak kucing e ndahi angin,neutral
912,"angin, aku kusambari ateku nande ku: kam kal ateku jadi nandengku",neutral
913," anak kucing, labo bagi katandu e, kami angin enda pe mesui nge ate kami, sebap adi rembus kenca kami minter I tombeng deleng",negative
914," deleng, aku kam kal ateku kubahan jadi nandengku, sebap angin pe banci  italuken kam",neutral
915,"Labo bagi katandu e, o anak kucing",neutral
916,"Kami deleng-deleng pe lit nge sinanggel kami, sebab keri meruhruh daging kami I kuruki menci.”",negative
917,E maka lawes ka anak kucing e ndahi menci,neutral
918,"menci, kam kal ateku kubahan jadi nandengku, sebab deleng-deleng pe talu nge I bahan kam",neutral
919,"Labo bagi kata ndu ena, kami ras anak-anak kami I tangkap kucing mbiring ",negative
920,kenca bage maka lawes me anak kucing ndai ndahi kucing mbiring e janahna kiam lanai tehna tumburen.,neutral
921,"Kam ngenca I bas pusuhku, kam ngenca kuharapken teman geluhku",positive
922,Meriah kel ukur ta lit denga waktu ras jelma si ate ta keleng,positive
923,"Tuhu tuhu min ku dat ateku ngena, mesui ateku perbahan ate ngena nggo lawes ndauh lanai pernah I ukurina",positive
924,Labo lit sisalah radumken ate ngena. Perbahanke ate ngena kita sekalak si metehsa,positive
925,"Ngkelengi kam nge sura suraku, Ras kam ngenca ateku, ndauh pe si kita sirang pusuhku lanai bo lit sideban",positive
926,"I bas ate ngena lit kesenangen, seloro, tawa, megelut, putus asa, luka ibas pusuh, sie kerina lanai bo terlupaken ibas ate ngenna, em artina ate ngena",positive
927,"Si ate ndu ngena, labo senang kam ndat sa. Adina tuhu tuhu atendu ngena ula sempat kam menyerah ras berusahalah kam demi ukurndu",positive
928,Kekelengendu si mbagesna banci dat ndu adi na bas ukurndu lit denga ate ngena ras kekelengenndu,positive
929,"Labo perlu kam mejile gelahna banci ras aku, si perlu I lakukenndu e me kap buktikenndu adina perlu kam man bangku",positive
930,"Lit seribu hal si erbahansa ku tadingken ate ku kena, tapi lit sada hal sierbahansa aku tetap I jenda. Ngena ateku kam.",positive
931,Reh ras lawes pas kel bagi angin si la lit aturenna bali kel ras ate ngenna kadang seh riahna kadang seh kel lengetna,positive
932,Sandailah kam ibas baraku ngasa gejapkenndu kesenangen perbahanken enggo keharusen ban bangku mbereiken man bandu kesenangen.,positive
933,"Lanai bo lit kesenangen bas geluh ta adi lanai lit ate ngenna, tapi ate ngena I benakenndu ibas kesalahen emekap erdampakken keburuken ibas geluhndu",negative
934," Si tuhuna ate ngena erpengidah nge, ate ngena situhuna, si ndube I harapken. Si la erpengidah e emekap perbahanken la tehndu uga ndalankensa adina la lit pertimbangen.",positive
935,Perban enggo ndekah sitik situs sastra karo enda ndai la i update,negative
936,e makana gundari enggo modifikasi kami situs enda gelah erjilena,positive
937,ras er pedasna i akses arah komputer/laptop ntah pe mobile,positive
938,kubahan pagi maka bangsa enda malang man bandu,neutral
939,erkiteken si e adi berkat pagi kam,neutral
940,anak sintua ntah asuh asuhen ndu,neutral
941,kerina jadi sikerajengen ndu tuhu-tuhu,neutral
942,jungut-jungut kel ia ras aku,negative
943,I junguti na aku perban aku si salah,negative
944,lang gegehta la cukup lako merang ia,neutral
945,ukurna si meterukna I bas kerina manusia,negative
946,tapi adi ngerana aku ras ia lalap aku si talu,negative
947,e maka aku ngerana ras ia petalatala,neutral
948,lit piga piga kalak asing ikut bas perdalanen tas e,neutral
949,labo perban mbelang juma bibi ras bengkila makana aku git man bandu,neutral
950,kenca kemah perjumpan e enggo pajek,neutral
951,aku keleng man bandu perban perbahanendu e si erbansa aku la ngasup sirang,positive
952,aku Marga Guru Singa. ,neutral
953,sepuluh dua mangkuk pirak ras sepiluh dua baskom pirak ,neutral
954,"kenca bage, tupung paha si arah lebe bajar biri-biri ndai enggo itasakken",neutral
955,kerina kalak si bege la bersih rikutken peraturan,neutral
956,ise kari arah lebe I bas peperangen e,neutral
957,kerina tentara si anak perana denga si I pimpin kepala-kepala daerah e,neutral
958,ise kari lebe menai serangen e,neutral
959,kenca bagei I benaken ndu,neutral
960,salihkenlah wari e jadi gelap,neutral
961,engakai maka iampu nandeku ,neutral
962,adi mate aku tupung si e,negative
963,jenari banci aku medem,neutral
964,"adi kitik denga ras si lenga erjabu, lenga denga i bahanken rebu bas ia, sebab lenga lit simetua ras turangku na, ",neutral
965,tapi adi si enggo erjabu arus eteh na rebu ras arus I dalanken na,neutral
966,"adi aku si ngidahsa, lanai mungkin kupediat mami ntah pe permainku guling ntah pe bangger",negative
967,"erturangku  ras  ersimetua  la  banci ngerana, sitatapen langsung",neutral
968,Ngerana arus erkite-kiteken  jelma  si  deban,neutral
969,"Adi  lalit jelma, ngerana  erkiteken kais  i  lit;  misalna pintu, jendela, kaca, kerbo",neutral
970,"hei  anak, kataken man permaen ena ban kopi ningen",neutral
971,"kataken  man  turangku  lit  pesta  i kuta, undangenna enggo lit i rumah",neutral
972,Sekali enda lit piga berita simehuli ipesusur kami,positive
973,sipemena emekap berita makana pembangunen jalan layang cantilever Medan – Berastagi  ibenaken ibas bulan Januari 2021 Sienda banci terjadi erkiteken lit keersadan gegeh Pemkab Karo ras anggota DPR RI (F PDIP) Bob Andika Mama -na Sitepu guna nekseki Kementerian PUPR,positive
974,Bagi si eteh maka enda dengang lapuran keuangan Pemkab Karo ndatken opini WTP.,positive
975,Emaka tuhu meriah kal ukurta,positive
976,Bagepe ipesusur kami ka sada tulisen kerna budaya emekap terkait ras kata pengindo ibas syair lagu-lagu Karo kontemporer,positive
977,Bagepe sada puisi si judulna “Katoneng-Katoneng Money Politics”,neutral
978,sebage kata persinget gelah min ibas pilkada enda ula aloken politik serpi,positive
979,Percakapen Pa Katan ras kandu-kanduna Pa Taras pe sekali enda kerna money politics bas pilkada,negative
980,Alu pengarapen banci jadi kata persinget uga genjengna praktek politik serpi ibas pilkada si erbahansa la banci terpilih bupati si mehuli,positive
981,Dage bagem lebe sengkebabah kata ibas kami nari sierkeras i dapur redaksi,neutral
982,Mejuah-juah kam ngogesa ras sehat-sehat kita kerina,positive
983,"Nina Nibul (nini bulang) mbarenda, asal kami situhuna i Mongol nari",neutral
984,Lit nai tentera Mongol seh ku Palembang asum kerajan Sriwijaya berjaya.,neutral
985,"jumpa ras sekalak diberu, beru Karo, i empoi Tadu Khan enda me ia.",positive
986,Sinursurna em empung nu empung nu empung nu empung nu empung kami,neutral
987,"Erkiteken perdalanen waktu, keturunen Tadu Khan enda dungna make merga Sembiring Colia",neutral
988,"Lang situhuna ersenina nge tuturku ras mantan kipar Bayern Munchen, Oliver Khan",neutral
989,Bagepe ras bintang filem Bollywood Shahrukh Khan,neutral
990,amin gia ayo kami la seri gantengna ras nasibna mehuli,positive
991,"la bagi sekarajangenku. Nggeluh terjelpa-jelpa, man pe engkelangi Ngui ngui ngui",neutral
992,Ma perlu kalak ah cingkam,neutral
993,I reba Nini Rahu lit ije batang cingkam si seh kal galangna.,neutral
994,ula kin asal i embusi saja,negative
995,"Seh kal cedana ukurku megi turi-turin si ikataken bengkila rebih. La kin nge lit dalinta rukur dingen robah, nina ukurku",negative
996,La kap kuangka kai maksudmu e nak,negative
997,"Ceda ukurku nim, ence la kin banci kita robah nimka",negative
998,Sitik pe la jelas man bangku. Turiken dage min alu manjar-anjar yah. Kai kin si jadi rebih,neutral
999,tambari gelah malem,positive
1000,Si Ani usur sisaling-salingen ras si Mina.,negative
